{
    "bboxes": [
        [
            [
                296.6702880859375,
                169.92584228515625,
                568.8671875,
                479.664794921875
            ]
        ]
    ],
    "scores": [
        0.8960595726966858
    ],
    "class_ids": [
        0.0
    ]
}