{
    "bboxes": [
        [
            [
                413.260986328125,
                247.88507080078125,
                513.3773193359375,
                320.099609375
            ]
        ]
    ],
    "scores": [
        0.38688912987709045
    ],
    "class_ids": [
        3.0
    ]
}