{
    "devices": [],
    "fused_data": {
        "targets": {
            "notes": [],
            "robots": [],
            "apriltags": [
                {
                    "position": {
                        "x": 4.83436738162994,
                        "y": 0.1569695955810796,
                        "z": -14.481792777910469,
                        "roll": -30.245977950928054,
                        "pitch": -88.56419724652207,
                        "yaw": 117.25623652360348
                    },
                    "certainty": 1,
                    "id": 3
                }
            ]
        },
        "position": {
            "x": 14.529225294945062,
            "y": 4.636490506055643,
            "yaw": -90.65840164826736
        }
    }
}