{
    "cameras": [
        {
            "camera_id": 0,
            "targets": {
                "april_tags": [
                    1
                ]
            },
            "camera_position": {
                "x": 14.765957660365391,
                "y": 0.5578118031463605,
                "z": 1.3804188184628323,
                "roll": 9.977903954264526,
                "pitch": 84.51808140513327,
                "yaw": -54.06209131380362
            }
        }
    ],
    "fused_data": {
        "targets": {
            "april_tags": []
        },
        "robot_position": {
            "x": 14.765957660365391,
            "y": 0.5578118031463605,
            "z": 1.3804188184628323,
            "roll": 9.977903954264526,
            "pitch": 84.51808140513327,
            "yaw": -54.06209131380362
        }
    }
}