{
    "april_tags": [
        {
            "id": 3,
            "camera_position": {
                "x": 15.775377671215434,
                "y": 6.077956305106818,
                "z": 0.7672515717527291,
                "roll": -65.63317319485473,
                "pitch": -6.752901493933547,
                "yaw": -141.09226289694575
            },
            "distances_from_camera": {
                "x": 0.8039643287845664,
                "y": 1.095238305106819,
                "z": 0.683850428247271
            },
            "score": 0.4156835174560547,
            "total_distance": 1.5210381307334973
        },
        {
            "id": 4,
            "camera_position": {
                "x": 15.744902257980856,
                "y": 5.854558923393318,
                "z": 0.9645291026672201,
                "roll": -71.428151254925,
                "pitch": -8.824174703023845,
                "yaw": -134.53335318588427
            },
            "distances_from_camera": {
                "x": 0.8344397420191445,
                "y": 0.3066909233933188,
                "z": 0.48657289733278
            },
            "score": 0.6279151153564453,
            "total_distance": 1.0134605024230787
        },
        {
            "id": 12,
            "camera_position": {
                "x": 20.71348789676617,
                "y": 4.368147865286352,
                "z": 2.077115162891117,
                "roll": -88.41826719120877,
                "pitch": -2.3248860378291756,
                "yaw": 148.1583601060379
            },
            "distances_from_camera": {
                "x": 8.808761896766171,
                "y": 0.13019213471364743,
                "z": 0.7563151628911171
            },
            "score": 0.5556295013427734,
            "total_distance": 8.842129198981423
        }
    ],
    "robot_location": {
        "x": 0,
        "y": 0,
        "z": 0
    }
}