{
    "cameras": [],
    "robot_data": {
        "targets": {
            "notes": [],
            "robots": [],
            "apriltags": [
                {
                    "position": {
                        "x": 6.152938339154743,
                        "y": 2.1523015571038546,
                        "z": 1.421942108525955,
                        "roll": -72.58651464057881,
                        "pitch": -30.94321350186029,
                        "yaw": 175.1220184223258
                    },
                    "certainty": 1,
                    "id": 15
                }
            ]
        },
        "robot_position": {
            "x": 4.37000479512435,
            "y": 4.880075278011301,
            "yaw": -148.95983318447833
        }
    }
}