{
    "notes": [],
    "april_tags": [
        {
            "id": 1,
            "camera_position": {
                "x": 14.874122266324756,
                "y": 1.5042617149773039,
                "z": 0.39122909575183423,
                "roll": -48.43043450367456,
                "pitch": 5.382500549764757,
                "yaw": 167.53130185309547
            },
            "distances_from_camera": {
                "x": 0.20534973367524145,
                "y": 1.2583897149773038,
                "z": 0.9646229042481658
            },
            "score": 0.6692826080322266,
            "total_distance": 1.5988153537170322
        }
    ],
    "robot_location": {
        "x": 0,
        "y": 0,
        "z": 0
    }
}