{
    "notes": [],
    "april_tags": [
        {
            "id": 1,
            "camera_position": {
                "x": 14.30326633698946,
                "y": 2.0522950005002687,
                "z": 1.6971775575710488,
                "roll": -87.74714475284767,
                "pitch": -0.3680395643510832,
                "yaw": -167.33054624921292
            },
            "distances_from_camera": {
                "x": 0.7762056630105381,
                "y": 1.8064230005002688,
                "z": 0.34132555757104877
            },
            "score": 0.6956318664550781,
            "total_distance": 1.9955356234047066
        }
    ],
    "robot_location": {
        "x": 0,
        "y": 0,
        "z": 0
    }
}